{"cameraMode":{"drawMode":0,"name":"Shaded","section":"Shading Mode"},"sceneLighting":true,"audioPlay":false,"sceneViewState":{"m_AlwaysRefresh":false,"showFog":true,"showSkybox":false,"showFlares":true,"showImageEffects":true,"showParticleSystems":true,"showVisualEffectGraphs":true,"m_FxEnabled":true},"in2DMode":false,"pivot":{"x":168.91903686523438,"y":-356.6571960449219,"z":275.16094970703127},"rotation":{"x":-0.39205849170684817,"y":-0.20771139860153199,"z":0.09134454280138016,"w":-0.8915192484855652},"size":253.1073455810547,"orthographic":false}