{"cameraMode":{"drawMode":0,"name":"Shaded","section":"Shading Mode"},"sceneLighting":true,"audioPlay":false,"sceneViewState":{"m_AlwaysRefresh":false,"showFog":true,"showSkybox":false,"showFlares":true,"showImageEffects":true,"showParticleSystems":true,"showVisualEffectGraphs":true,"m_FxEnabled":true},"in2DMode":false,"pivot":{"x":33.522193908691409,"y":-231.38258361816407,"z":118.7115707397461},"rotation":{"x":-0.5298369526863098,"y":-0.05664820596575737,"z":0.035500526428222659,"w":-0.8454609513282776},"size":160.6712188720703,"orthographic":false}